{"loss": 0.5926160280193601, "accuracy": 69.26536731634182}